No.,Age_ka,Volcano,Tephra_Name,,Volume (km3),VEI
1,0.187,Suwanose_Jima,Suwanose_SUM.tif,,0.100334904,4
6,7.3,Kikai_Caldera,K_Ah_SUM.tif,,381.17667,7
8,95,Kikai_Caldera,K_Tz.tif,,118.645708,7
9,105,Ata_Caldera,Sata.tif,,8.528883,5
10,105,Ata_Caldera,Izashiki.tif,,3.329961087,5
11,105,Ata_Caldera,Ata.tif,,662.2543838,7
12,110,Ata_Caldera,Ata_Mr.tif,,8.539850174,5
13,240,Ata_Caldera,Ata_th.tif,,4.83537779,5
14,6.4,Ikeda,Ik.tif,,3.571608245,5
15,1.115,Kaimon_Dake,Km12b.tif,,0.051177134,3
16,1.126,Kaimon_Dake,Km12a.tif,,0.162016987,4
17,1.5,Kaimon_Dake,Km11c2.tif,,0.017778397,3
18,1.5,Kaimon_Dake,Km11ab.tif,,0.050551257,3
19,2,Kaimon_Dake,Km9c.tif,,0.087322161,3
20,2,Kaimon_Dake,Km9a.tif,,0.055914533,3
21,2,Kaimon_Dake,Km9b.tif,,0.077881157,3
22,2.1,Kaimon_Dake,Km8b.tif,,0.044592429,3
23,2.3,Kaimon_Dake,Km7.tif,,0.128661824,4
24,2.5,Kaimon_Dake,Km6.tif,,0.018638868,3
25,3.2,Kaimon_Dake,Km4.tif,,0.06953908,3
26,4,Kaimon_Dake,Km1.tif,,0.144546375,4
27,26,Aira_Caldera,AT_SUM.tif,,1270.15517,8
32,30,Aira_Caldera,Kn.tif,,0.690961453,4
33,31,Aira_Caldera,A_Fm.tif,,2.295917841,5
34,32.5,Aira_Caldera,A_Ot.tif,,0.383130438,4
35,45,Aira_Caldera,A_Iw.tif,,4.672459894,5
37,90,Aira_Caldera,A_Fk.tif,,11.03968184,6
38,95,Aira_Caldera,Hk.tif,,0.101640706,4
39,0.086,Sakurajima,Sz_P1.tif,,0.265675369,4
40,0.221,Sakurajima,Sz_P2.tif,,0.128642031,4
41,0.529,Sakurajima,Sz_3.tif,,0.686183292,4
42,5.6,Sakurajima,Sz_5.tif,,4.803115901,5
43,5,Sakurajima,Sz_7.tif,,0.200541545,4
44,8,Sakurajima,Sz_11.tif,,0.571609722,4
45,12.8,Sakurajima,Sz_S.tif,,3.099026092,5
46,26,Sakurajima,Sz_17.tif,,0.125141959,4
47,0.041,Kirishima_Yama,Sm_SA.tif,,0.001362819,2
48,0.178,Kirishima_Yama,Sm_BP.tif,,0.003102416,2
49,0.228,Kirishima_Yama,Sm_MP.tif,,0.002639089,2
50,0.283,Kirishima_Yama,Sm_KP.tif,,0.045033983,3
51,0.765,Kirishima_Yama,Kr_OhE.tif,,0.095451988,4
52,1,Kirishima_Yama,MSA.tif,,0.015203975,3
53,1.212,Kirishima_Yama,KZS.tif,,0.009146023,3
54,6.4,Kirishima_Yama,Kr_M.tif,,0.935061139,4
55,6.8,Kirishima_Yama,OJS.tif,,0.007883949,3
56,6.9,Kirishima_Yama,MHA.tif,,0.006895815,3
57,7.1,Kirishima_Yama,USA_u.tif,,0.058163964,3
58,7.3,Kirishima_Yama,USA_l.tif,,0.212087352,4
59,8.1,Kirishima_Yama,UMS.tif,,0.004566104,2
60,16.7,Kirishima_Yama,Kr_Kb.tif,,0.907492188,4
61,22,Kirishima_Yama,KrS.tif,,0.204873771,4
62,29,Kirishima_Yama,Kr_Aw.tif,,1.082098242,5
63,40,Kirishima_Yama,Kr_Iw.tif,,1.170303293,5
64,0.009,Unzen_Dake,Unzen_1991_6_8.tif,,2.84E-06,0
65,0.009,Unzen_Dake,Unzen_1991_6_3.tif,,0.000323033,1
66,0.009,Unzen_Dake,Unzen_1991_5_29.tif,,2.59E-07,0
67,85,Aso_Caldera,Aso_4.tif,,1051.23657,8
68,95,Aso_Caldera,Aso_ABCD.tif,,3.491747239,5
69,90,Aso_Caldera,Aso3_4Blayer.tif,,0.052916503,3
70,90,Aso_Caldera,Aso3_4Clayer.tif,,0.406876547,4
71,90,Aso_Caldera,Aso3_4Dlayer.tif,,0.901926006,4
72,120,Aso_Caldera,Aso_3.tif,,130.074711,7
73,135,Aso_Caldera,Aso2_3Q.tif,,0.239155124,4
74,135,Aso_Caldera,Aso2T.tif,,2.951710902,5
75,0.011,Aso_San,Aso_1989_1990.tif,,0.001515542,2
76,0.021,Aso_San,Aso_1979_6_11.tif,,0.008534061,3
78,0.067,Aso_San,Aso_1933.tif,,0.209651855,4
79,31,Aso_San,Kpfa.tif,,1.392631753,5
80,40,Aso_San,ACP4.tif,,0.471124805,4
81,52,Aso_San,ACP6.tif,,0.172941854,4
82,0.005,Kuju_San,Kuju_1995.tif,,0.000283824,1
83,50,Kuju_San,Kj_P1.tif,,2.030803793,5
84,2.2,Yufu_Dake,Yf1_YA1.tif,,0.050843906,3
86,20,Sanbe_San,Suk.tif,,6.195884913,5
87,50,Sanbe_San,SI.tif,,3.175877482,5
88,50,Sanbe_San,SOd.tif,,6.602906483,5
89,55,Sanbe_San,K1.tif,,0.367093097,4
90,110,Sanbe_San,SK.tif,,19.97205403,6
91,20,Daisen,MsP.tif,,0.538311828,4
92,22,Daisen,Uh.tif,,0.441142559,4
93,23.6,Daisen,Sh.tif,,0.37234487,4
94,50,Daisen,KmA.tif,,0.039831299,3
95,55,Daisen,DKP.tif,,20.74247483,6
96,55,Daisen,DSP.tif,,0.327676465,4
97,80,Daisen,DNP.tif,,1.0965192,5
98,80,Daisen,DAP2.tif,,0.261142169,4
99,90,Daisen,DAP1.tif,,0.135138221,4
100,140,Daisen,DHP.tif,,0.140227036,4
101,130,Daisen,DMP.tif,,2.187367111,5
102,150,Daisen,DBP.tif,,0.225418334,4
103,150,Daisen,hpm2.tif,,0.300105591,4
104,230,Daisen,hpm1.tif,,0.760549559,4
105,170,Daisen,HdP.tif,,1.873133418,5
106,190,Daisen,DOP.tif,,4.288617365,5
107,330,Daisen,cpm.tif,,0.795106669,4
108,3,Izu_Tobu_Volcano_Group,Izu_Iw.tif,,0.037053229,3
109,3.126,Izu_Tobu_Volcano_Group,Izu_Kg.tif,,0.563051326,4
110,5,Izu_Tobu_Volcano_Group,Izu_Om.tif,,0.086643272,3
111,10,Izu_Tobu_Volcano_Group,Izu_Akakubo.tif,,0.012344296,3
112,11,Izu_Tobu_Volcano_Group,Izu_Komuro.tif,,0.015259966,3
113,14,Izu_Tobu_Volcano_Group,Izu_Kawakubokawa.tif,,0.012196403,3
114,14,Izu_Tobu_Volcano_Group,Izu_Sekiguchi.tif,,0.048366982,3
115,14,Izu_Tobu_Volcano_Group,Izu_Inatori.tif,,0.013459171,3
116,17,Izu_Tobu_Volcano_Group,Izu_Hachikuboyama_Maruyama.tif,,0.062476146,3
117,19,Izu_Tobu_Volcano_Group,Izu_Hk.tif,,0.03138534,3
118,22,Izu_Tobu_Volcano_Group,Izu_Jizodo.tif,,0.020279136,3
119,29,Izu_Tobu_Volcano_Group,Izu_Jikubo.tif,,0.024126775,3
120,29,Izu_Tobu_Volcano_Group,Izu_Hachinoyama.tif,,0.103191544,4
121,32,Izu_Tobu_Volcano_Group,Izu_Kokushigoe.tif,,0.032291968,3
122,56,Izu_Tobu_Volcano_Group,Izu_Jb.tif,,0.037733276,3
123,72,Izu_Tobu_Volcano_Group,Izu_K_O.tif,,0.025951889,3
124,80,Izu_Tobu_Volcano_Group,Izu_Uc.tif,,0.005656602,3
125,94,Izu_Tobu_Volcano_Group,Izu_Tm.tif,,0.011555566,3
126,103.5,Izu_Tobu_Volcano_Group,Izu_K_U.tif,,0.144559056,4
127,107.5,Izu_Tobu_Volcano_Group,Izu_Marunoyama.tif,,0.056888915,3
128,129,Izu_Tobu_Volcano_Group,Hn.tif,,0.042981953,3
129,132,Izu_Tobu_Volcano_Group,Izu_Cb.tif,,0.173758277,4
130,132,Izu_Tobu_Volcano_Group,Izu_Sk.tif,,0.11820229,4
131,43,Hakone_Volcao_Group,Hk_CC4.tif,,0.225026587,4
132,43,Hakone_Volcao_Group,Hk_CC1.tif,,0.254910845,4
133,43,Hakone_Volcao_Group,Hk_S.tif,,0.103578944,4
134,43,Hakone_Volcao_Group,AL2_8.tif,,0.545402808,4
135,60,Hakone_Volcao_Group,Hk_TP.tif,,5.645907123,5
136,80,Hakone_Volcao_Group,Hk_OP.tif,,2.452809749,5
137,88.5,Hakone_Volcao_Group,Da_5.tif,,0.223468973,4
138,89,Hakone_Volcao_Group,Hk_KmP7.tif,,1.237030667,5
139,98,Hakone_Volcao_Group,Hk_KmP1.tif,,6.03233015,5
140,117,Hakone_Volcao_Group,Hk_KlP13.tif,,2.630111785,5
141,128,Hakone_Volcao_Group,Hk_KlP7.tif,,3.018802551,5
142,0.293,Fuji_San,F_Ho.tif,,1.330615226,5
143,1.1,Fuji_San,NGO.tif,,0.007538592,3
144,1.2,Fuji_San,Sba.tif,,0.006178971,3
145,1.2,Fuji_San,TIG.tif,,0.006917929,3
146,1.48,Fuji_San,KNS.tif,,0.005331581,3
147,1.5,Fuji_San,OBC.tif,,0.012874929,3
148,1.15,Fuji_San,SJK.tif,,0.005399505,3
149,2.2,Fuji_San,Yu_2.tif,,0.345892696,4
150,2.2,Fuji_San,S_18.tif,,0.086669106,3
151,2.2,Fuji_San,S_17.tif,,0.03947157,3
152,2.2,Fuji_San,S_16_3.tif,,0.017905617,3
153,2.5,Fuji_San,Zn.tif,,0.434381184,4
154,2.5,Fuji_San,S_12.tif,,0.031557492,3
155,2.5,Fuji_San,Fuji_Om.tif,,0.14073313,4
156,2.5,Fuji_San,Fuji_Os.tif,,0.150465645,4
157,2.8,Fuji_San,S11.tif,,0.03147471,3
158,3.1,Fuji_San,S10.tif,,0.037021091,3
159,4.5,Fuji_San,Fuji_R_2.tif,,0.016855426,3
160,4.5,Fuji_San,Fuji_SWR.tif,,0.010275962,3
161,5.6,Fuji_San,Fuji_R_1.tif,,0.040849335,3
162,36,Fuji_San,F_Su2.tif,,0.112215642,4
163,37,Fuji_San,F_Su1.tif,,0.182077005,4
164,70,Fuji_San,F_YP.tif,,0.715177822,4
166,29,Yatsugatake_Tateshina_Yama,Yt_Pm4.tif,,0.240402244,4
167,135,Yatsugatake_Tateshina_Yama,Yt_Kw.tif,,1.575118705,5
168,0.021,Ontake_San,Ontake_1979.tif,,0.052644064,3
169,55,Ontake_San,On_Mt.tif,,1.609012846,5
170,50,Ontake_San,On_Tt.tif,,0.712633722,4
171,74,Ontake_San,On_NG.tif,,1.722231841,5
172,85,Ontake_San,On_In.tif,,3.651024661,5
173,85,Ontake_San,On_Kt.tif,,1.996297665,5
174,100,Ontake_San,On_Pm1.tif,,7.469604886,5
175,0.958,Hakusan,Hakusan_1.tif,,0.002637394,2
176,2.9,Hakusan,Hakusan_2.tif,,0.014788108,3
177,7.3,Norikura_Dake,Nr_Eb.tif,,0.01147325,3
178,8.2,Norikura_Dake,Nr_Kr_S.tif,,0.006677516,3
179,8.2,Norikura_Dake,Nr_Kr_A.tif,,0.013298323,3
180,9.4,Norikura_Dake,Nr_Kn.tif,,0.017610901,3
181,0.061,Yakedake,Ykd_Tu8.tif,,0.00057796,1
182,0.38,Yakedake,Ykd_Tu7.tif,,0.000566141,1
183,0.5,Yakedake,Ykd_Tu5.tif,,0.000297666,1
184,1.3,Yakedake,Ykd_Tu2.tif,,0.000221729,1
185,1.4,Yakedake,Ykd_Tu1.tif,,0.000139272,1
186,2.3,Yakedake,Ykd_Tnka.tif,,0.000166253,1
187,300,Yakedake,Tky.tif,,2.705633957,5
188,60,Tateyama,Tt_E.tif,,1.25968697,5
189,120,Tateyama,Tt_D.tif,,3.180560247,5
191,0.026,Niigata_Yakeyama,Ni_Yake_1974.tif,,0.010488476,3
192,26,Myoko_San,My_T_TT.tif,,0.054173965,3
193,25,Myoko_San,My_K_KN.tif,,0.112430635,4
194,30,Myoko_San,My_S_Km.tif,,0.570651985,4
195,85,Myoko_San,My_Sk_SK.tif,,0.125881162,4
196,120,Myoko_San,My_Hb.tif,,0.097052052,4
197,35,Kurohime_Yama,Kurohime_RG.tif,,0.028410912,3
198,42,Kurohime_Yama,Kh_Od_OD.tif,,0.157381498,4
199,130,Iizuna_Yama,Izu_Kta.tif,,1.90836396,5
200,0.018,Asama_Yama,Asama_1982_4_26.tif,,0.287830994,4
201,0.217,Asama_Yama,As_A.tif,,2.60502425,5
202,0.892,Asama_Yama,As_B.tif,,2.933745867,5
203,1.6,Asama_Yama,As_C.tif,,4.960531493,5
204,12,Asama_Yama,Tachikawa_L_UG.tif,,16.841349,6
205,15,Asama_Yama,As_K.tif,,1.344863779,5
206,15,Asama_Yama,As_YP.tif,,0.88059427,4
207,15,Asama_Yama,OkP_2.tif,,0.102878397,4
208,15,Asama_Yama,OkP_1.tif,,0.303878339,4
209,15,Asama_Yama,As_Sr.tif,,3.484665346,5
210,20,Asama_Yama,As_BP.tif,,2.899747499,5
212,1.4,Haruna_San,FP.tif,,0.73210905,4
213,1.4,Haruna_San,FP_B.tif,,0.253559797,4
214,1.4,Haruna_San,Hr_FA.tif,,0.737519154,4
215,50,Haruna_San,Hr_HP.tif,,3.39011974,5
216,45,Akagi_Yama,Ag_KP.tif,,8.304501013,5
217,50,Akagi_Yama,Ag_UP.tif,,0.978394262,4
218,50,Akagi_Yama,Ag_Nm1.tif,,1.121406416,5
219,50,Akagi_Yama,Ag_Nm2.tif,,2.38091935,5
220,55,Akagi_Yama,Ag_Mz1.tif,,2.351070158,5
221,65,Akagi_Yama,Ag_OK.tif,,2.279777117,5
222,70,Akagi_Yama,MzP_4.tif,,0.224381243,4
223,100.001,Akagi_Yama,Ag_Mz6.tif,,1.690913398,5
224,180,Akagi_Yama,MoP.tif,,3.976561324,5
225,0.5,Hiuchigatake,Koka_nendo.tif,,0.000893804,1
226,0.35,Nikko_Shirane_San,Nks_1.tif,,0.002309501,2
227,14,Nantai_San,Nantai_Sp.tif,,0.26758508,4
228,14,Nantai_San,Nantai_Ip.tif,,0.528673719,4
229,26,Nantai_San,Nantai_Ks.tif,,0.339609855,4
230,26,Nantai_San,Nantai_TK_1.tif,,0.11341242,4
231,26,Nantai_San,Nantai_TK_2.tif,,0.030665478,3
232,26,Nantai_San,Nantai_TK_3.tif,,0.029756709,3
233,26,Nantai_San,Nt_Og.tif,,0.076042416,3
234,100,Nantai_San,Nantai_Sap.tif,,0.736698935,4
235,70,Nyoho_San,Mas_a.tif,,0.9065728,4
236,70,Nyoho_San,Nyoho_Mas_b.tif,,0.327329277,4
237,5.7,Takahara_Yama,Tk_Ue.tif,,0.02770985,3
238,0.59,Nasu_Chausu_Dake,CH6.tif,,0.019909531,3
239,2.6,Nasu_Chausu_Dake,CH5.tif,,0.011463121,3
240,6,Nasu_Chausu_Dake,CH4.tif,,0.03400473,3
241,8,Nasu_Chausu_Dake,CH3.tif,,0.016817444,3
242,11,Nasu_Chausu_Dake,CH2.tif,,0.046986766,3
243,16,Nasu_Chausu_Dake,CH1unit.tif,,0.175953324,4
244,19,Nasu_Chausu_Dake,Nasu_Os1.tif,,0.021969255,3
245,40,Nasu_Chausu_Dake,Nasu_Os4.tif,,0.041992826,3
248,5,Numazawa_Caldera,Numazawa_SUM.tif,,0.458438,4
249,51,Numazawa_Caldera,Numazawa_Mizunuma_Unit2.tif,,0.283718612,4
250,30,Bandai_San,Bandai_HPb1.tif,,0.058418227,3
251,70,Bandai_San,Bandai_HP2a.tif,,0.306168979,4
252,70,Bandai_San,Bandai_HP2b.tif,,1.567504295,5
253,85,Bandai_San,Bandai_MS1.tif,,0.432301651,4
254,0.1,Adatara_Yama,Ad_p5.tif,,0.00065293,1
255,1,Adatara_Yama,Ad_p4.tif,,0.002171253,2
256,2.4,Adatara_Yama,Ad_NT6.tif,,0.006826047,3
257,4,Adatara_Yama,Ad_NT5.tif,,0.015190452,3
258,5.6,Adatara_Yama,Ad_NT4.tif,,0.003163803,2
259,6.2,Adatara_Yama,Ad_NT3.tif,,0.008504162,3
260,7.8,Adatara_Yama,Ad_NT2.tif,,0.004842234,2
261,10,Adatara_Yama,Ad_NT1.tif,,0.020141687,3
262,30,Adatara_Yama,Ad_JM.tif,,0.048783164,3
263,35,Adatara_Yama,Ad_NH.tif,,0.046445978,3
264,45,Adatara_Yama,Ad_EB4.tif,,0.0157194,3
265,60,Adatara_Yama,Ad_EB3.tif,,0.019933005,3
266,80,Adatara_Yama,Ad_EB2.tif,,0.069007976,3
267,90,Adatara_Yama,Ad_EB1.tif,,0.043249244,3
268,100,Adatara_Yama,Ad_SH.tif,,0.080473237,3
269,110,Adatara_Yama,Ad_MT.tif,,0.06024961,3
270,120,Adatara_Yama,Ad_DK.tif,,1.3477818,5
271,30,Zao_Zan,Za_Kw.tif,,0.98168114,4
272,90,Kamimuro_Dake,Ac_Md.tif,,3.420326122,5
273,11,Hijiori_Caldera,Hj.tif,,0.690783841,4
274,90,Hijiori_Caldera,Dks.tif,,2.686660995,5
276,41,Naruko_Caldera,Nr_Y.tif,,2.375106135,5
277,90,Naruko_Caldera,Nr_N.tif,,2.856057834,5
278,108,Naruko_Caldera,Nr_It.tif,,1.512403062,5
279,160,Naruko_Caldera,IwP.tif,,1.948030892,5
280,89,Onikobe_Caldera,HrP.tif,,31.04940202,6
281,0.026,Chokai_San,Chokai_1974.tif,,0.00022527,1
282,41,Yakeishi_Dake,Yk_Y.tif,,0.407642463,4
283,41,Akita_Komagatake,Yk_M.tif,,1.093915478,5
284,1,Akita_Komagatake,AK_1.tif,,0.007806326,3
285,1.6,Akita_Komagatake,AK_2.tif,,0.001658007,2
286,2.3,Akita_Komagatake,AK_3.tif,,0.017922775,3
287,7.1,Akita_Komagatake,AK_6.tif,,0.007933166,3
288,7.5,Akita_Komagatake,AK_7.tif,,0.018270308,3
289,7,Akita_Komagatake,HP.tif,,0.033373583,3
290,9,Akita_Komagatake,AP_AK_9.tif,,0.026869719,3
291,11.6,Akita_Komagatake,Akitakoma_YP.tif,,0.167402058,4
292,12,Akita_Komagatake,Akitakoma_KP.tif,,0.613232283,4
293,0.314,Iwate_San,Iwate_KS.tif,,0.037121267,3
294,0.6,Iwate_San,Iwate_SS.tif,,0.01345447,3
295,3.62,Iwate_San,Iwate_Ods.tif,,0.040747807,3
296,4.8,Iwate_San,Iwate_SuS.tif,,0.006355902,3
297,5,Iwate_San,Iwate_W8b.tif,,0.068142209,3
298,5.5,Iwate_San,Iwate_W9.tif,,0.100467639,4
299,6.5,Iwate_San,Iwate_W10.tif,,0.005013339,3
300,20,Iwate_San,Iwate_T1S.tif,,0.078635251,3
301,27,Iwate_San,Iwate_T2S.tif,,0.104880486,4
302,30,Iwate_San,Iwate_OBA.tif,,3.882821227,5
303,45,Iwate_San,Iwate_UP_YuP.tif,,0.281886399,4
304,50,Iwate_San,Iwate_K1S.tif,,0.17660578,4
305,50,Iwate_San,Iwate_K2S.tif,,0.084217742,3
306,50,Iwate_San,Iwate_K3S.tif,,0.177536397,4
307,70,Iwate_San,Iwate_MS.tif,,0.317363091,4
308,80,Iwate_San,Iwate_Is1S.tif,,0.138915926,4
309,130,Iwate_San,Iwate_Is2S.tif,,1.531005938,5
310,140,Iwate_San,Iwate_Ob1S.tif,,0.136771468,4
311,150,Iwate_San,Iwate_S1P.tif,,0.816917282,4
312,160,Iwate_San,Iwate_S2P.tif,,0.606675443,4
313,200,Iwate_San,Iwate_Sn2S.tif,,0.252453733,4
314,20,Megata,Megata_Sannomegata.tif,,0.011102628,3
315,1.085,Towada,To_a.tif,,2.518989605,5
319,2,Towada,To_b.tif,,0.092677235,3
322,6,Towada,To_Cu.tif,,4.953315851,5
325,7,Towada,To_D_OGUNI.tif,,0.096998091,4
326,8.6,Towada,To_NB.tif,,0.983335965,4
328,9.5,Towada,To_F_KABAYAMA.tif,,0.082485981,3
329,9.5,Towada,To_F_NATSUZAWA.tif,,0.332462431,4
330,10.5,Towada,To_G_SHINGO.tif,,0.111071715,4
331,10,Towada,To_H.tif,,0.109922323,4
332,10,Towada,To_J.tif,,0.245097343,4
333,15,Towada,Tp_HP.tif,,8.161877124,5
334,17,Towada,To_M.tif,,0.054134978,3
337,32,Towada,To_BP1.tif,,1.782330053,5
342,65,Towada,To_G.tif,,2.575693669,5
343,65,Towada,To_P.tif,,0.973259085,4
344,80,Towada,To_Os.tif,,0.502106535,4
345,80,Towada,To_Rd.tif,,2.03281265,5
346,80,Towada,To_SP.tif,,0.24655372,4
347,80,Towada,To_OK.tif,,3.077434868,5
348,80,Towada,To_Kw.tif,,14.23932794,6
349,80,Towada,To_QP.tif,,0.415423994,4
350,95,Towada,To_AP.tif,,1.129499602,5
351,95,Towada,To_CP.tif,,2.241907061,5
352,115,Towada,To_ZP2.tif,,0.219668574,4
353,1.4,Hakkoda,Hk_1.tif,,0.001981485,2
354,3,Hakkoda,Hk_3.tif,,8.43E-05,0
355,3.8,Hakkoda,Hk_4a.tif,,0.001599563,2
356,3.8,Hakkoda,Hk_4b.tif,,0.000837375,1
357,4.2,Hakkoda,Hk_5.tif,,0.001485645,1
358,112,Osore_Zan,Osore_Oh.tif,,0.026583648,3
359,242,Osore_Zan,Osore_Tn_A_8.tif,,0.994536838,4
360,242,Osore_Zan,Osore_Tn_A_7.tif,,0.172289925,4
361,242,Osore_Zan,Osore_Tn_A_5_Tn_A_6.tif,,0.122560908,4
362,242,Osore_Zan,Osore_Tn_A_4.tif,,0.032319834,3
363,242,Osore_Zan,Osore_Tn_A_3.tif,,0.329953561,4
364,242,Osore_Zan,Osore_Tn_A_2.tif,,0.147575679,4
365,242,Osore_Zan,Osore_Tn_A_1.tif,,0.08346564,3
366,242,Osore_Zan,Osore_Tn_B_2.tif,,0.257757238,4
367,242,Osore_Zan,Osore_Tn_B_1.tif,,0.183705965,4
368,242,Osore_Zan,Osore_Tn_C_3.tif,,0.738242447,4
369,242,Osore_Zan,Osore_Tn_C_2.tif,,0.100573047,4
370,242,Osore_Zan,Osore_Tn_C_1.tif,,0.58215798,4
371,0.014,Izu_Oshima,Izu_Oshima_Y1986.tif,,0.350716643,4
372,0.179,Izu_Oshima,Izu_Oshima_Y08.tif,,0.010417275,3
373,0.223,Izu_Oshima,Izu_Oshima_Y1_0.tif,,0.063266976,3
374,0.316,Izu_Oshima,Izu_Oshima_Y2_0.tif,,0.037348868,3
375,0.529,Izu_Oshima,Izu_Oshima_Y3_8.tif,,0.002854657,2
376,0.554,Izu_Oshima,Izu_Oshima_Y4_0.tif,,0.055854191,3
377,0.583,Izu_Oshima,Izu_Oshima_Y4_2.tif,,0.000432466,1
378,0.68,Izu_Oshima,Izu_Oshima_Y5_0.tif,,0.036597582,3
379,0.693,Izu_Oshima,Izu_Oshima_Y5_2.tif,,0.01015892,3
380,0.817,Izu_Oshima,Izu_Oshima_Y6_0.tif,,0.026430541,3
381,0.943,Izu_Oshima,Izu_Oshima_N1_0.tif,,0.253977174,4
382,1.131,Izu_Oshima,Izu_Oshima_N2_0.tif,,0.059414486,3
383,1.162,Izu_Oshima,Izu_Oshima_N3_0.tif,,0.014114017,3
384,1.178,Izu_Oshima,Izu_Oshima_N3_2.tif,,0.005941682,3
385,1.287,Izu_Oshima,Izu_Oshima_N4_0.tif,,0.038451764,3
386,1.3,Izu_Oshima,Izu_Oshima_N4_2.tif,,0.014228788,3
387,1.325,Izu_Oshima,Izu_Oshima_N4_4.tif,,0.08706434,3
388,1.35,Izu_Oshima,Izu_Oshima_N4_6.tif,,0.020350484,3
389,1.375,Izu_Oshima,Izu_Oshima_N4_8.tif,,0.024542723,3
390,1.4,Izu_Oshima,Izu_Oshima_S1_0.tif,,0.039146736,3
391,1.425,Izu_Oshima,Izu_Oshima_S1_5.tif,,0.003270487,2
392,1.45,Izu_Oshima,Izu_Oshima_S2_0.tif,,0.018048889,3
393,0,Miyake_Jima,Miyake_2000_8_29.tif,,0.004890358,2
394,0,Miyake_Jima,Miyake_2000_8_18.tif,,0.007999337,3
395,0,Miyake_Jima,Miyake_2000_14_15.tif,,0.028334394,3
396,0,Miyake_Jima,Miyake_2000_7_8.tif,,0.000830541,1
397,0.017,Miyake_Jima,Miyake_1983.tif,,0.125097718,4
398,0.237,Miyake_Jima,Miyake_1763.tif,,0.023776176,3
399,0.357,Miyake_Jima,Miyake_1643.tif,,0.004584303,2
400,0.846,Miyake_Jima,Miyake_SBA.tif,,0.021414347,3
401,0.9,Miyake_Jima,Miyake_KMS.tif,,0.011097106,3
402,1.2,Miyake_Jima,Miyake_MKB.tif,,0.037711144,3
403,1.2,Miyake_Jima,Miyake_OYS.tif,,0.019367972,3
404,1.2,Miyake_Jima,Miyake_DHS.tif,,0.011517554,3
405,1.3,Miyake_Jima,Miyake_KHS.tif,,0.0037478,2
406,1.3,Miyake_Jima,Miyake_MBS.tif,,0.006773629,3
407,1.3,Miyake_Jima,Miyake_TGA.tif,,0.027074054,3
408,1.3,Miyake_Jima,Miyake_TGS.tif,,0.004849257,2
409,1.3,Miyake_Jima,Miyake_IWS.tif,,0.009477258,3
410,2.5,Miyake_Jima,Miyake_TYS.tif,,0.012079759,3
411,2.5,Miyake_Jima,Miyake_IZS.tif,,0.031096507,3
412,2.5,Miyake_Jima,Miyake_FMB.tif,,0.112193658,4
413,2.5,Miyake_Jima,Miyake_HCS.tif,,0.098444534,4
414,4,Miyake_Jima,Miyake_IGA.tif,,0.052189298,3
415,7,Miyake_Jima,Miyake_OFB.tif,,0.082684251,3
416,3.7,Hachijo_Jima_Higashi_Yama,Hachijo_Mt6.tif,,0.011681757,3
417,4.1,Hachijo_Jima_Higashi_Yama,Hachijo_Mt3.tif,,0.083053361,3
418,5.3,Hachijo_Jima_Higashi_Yama,Hachijo_Mt1.tif,,0.030080222,3
419,7.3,Hachijo_Jima_Higashi_Yama,Hachijo_Hy27.tif,,0.001488325,2
420,7.5,Hachijo_Jima_Higashi_Yama,Hachijo_Hy26.tif,,0.023714752,3
421,7.5,Hachijo_Jima_Higashi_Yama,Hachijo_Hy20_Hy21_Hy22.tif,,0.052618511,3
422,7.5,Hachijo_Jima_Higashi_Yama,Hachijo_Hy18.tif,,0.009148599,3
423,10.5,Hachijo_Jima_Higashi_Yama,Hachijo_Hy15.tif,,0.047514591,3
424,10.5,Hachijo_Jima_Higashi_Yama,Hachijo_Hy14.tif,,0.069933477,3
425,10.5,Hachijo_Jima_Higashi_Yama,Hachijo_Hy13.tif,,0.013317082,3
426,11.4,Hachijo_Jima_Higashi_Yama,Hachijo_Hy12.tif,,0.620872124,4
427,12.6,Hachijo_Jima_Higashi_Yama,Hachijo_Hy11A_B.tif,,0.047844939,3
428,12.6,Hachijo_Jima_Higashi_Yama,Hachijo_Hy10A_B.tif,,0.361068626,4
429,12.6,Hachijo_Jima_Higashi_Yama,Hachijo_Hy8_Hy9.tif,,0.659141719,4
430,14.7,Hachijo_Jima_Higashi_Yama,Hachijo_Hy4_Hy5.tif,,1.271736293,5
431,17,Hachijo_Jima_Higashi_Yama,Hachijo_Sy7.tif,,0.315285673,4
432,24.5,Hachijo_Jima_Higashi_Yama,Hachijo_Sy2_Sy3.tif,,0.077099782,3
433,25,Hachijo_Jima_Higashi_Yama,Hachijo_Sy1.tif,,0.135561471,4
434,0.395,Hachijo_Jima_Nishi_Yama,HachijoNishi_Ny4.tif,,0.014840102,3
435,1.1,Hachijo_Jima_Nishi_Yama,HachijoNishi_Ny3.tif,,0.007968534,3
436,45,Zenigame,Z_M.tif,,6.922134673,5
437,0.002,Hokkaido_Komagatake,Hokkai_Koma_1998.tif,,0.013351603,3
438,0.004,Hokkaido_Komagatake,Hokkai_Koma_1996.tif,,1.05E-05,0
439,0.071,Hokkaido_Komagatake,Hokkai_Koma_1940.tif,,0.67636506,4
440,0.071,Hokkaido_Komagatake,Hokkai_Koma_Ko_a.tif,,0.235426743,4
441,0.144,Hokkaido_Komagatake,Hokkai_Koma_Ko_b.tif,,0.023191007,3
442,0.144,Hokkaido_Komagatake,Hokkai_Koma_Ko_c1.tif,,0.034280542,3
443,0.36,Hokkaido_Komagatake,Hokkai_Koma_Ko_c2.tif,,25.74375828,6
444,0.36,Hokkaido_Komagatake,Hokkai_Koma_Ko_d.tif,,1.539380981,5
445,1.7,Hokkaido_Komagatake,Hokkai_Koma_Ko_e.tif,,0.587887959,4
446,6.3,Hokkaido_Komagatake,Hokkai_Koma_Ko_f.tif,,0.630555624,4
447,6.5,Hokkaido_Komagatake,Hokkai_Koma_Ko_g.tif,,1.97809309,5
448,17,Hokkaido_Komagatake,Hokkai_Koma_Ko_h.tif,,2.490227062,5
449,15,Nigorikawa_Caldera,Ng.tif,,10.64372177,6
453,112,Toya_Caldera,Toya.tif,,67.23412168,6
454,45,Toya_Caldera_Nakajima,Nj_Os.tif,,0.808775082,4
455,0,Usu_Zan,Usu_2000_4_4.tif,,1.38E-07,0
456,0,Usu_Zan,Usu_2000_4_2.tif,,2.40E-09,0
457,0,Usu_Zan,Usu_2000_4_1_2.tif,,1.51E-08,0
458,0,Usu_Zan,Usu_2000_3_31.tif,,2.84E-07,0
459,0.023,Usu_Zan,Usu_1977.tif,,0.013098288,3
460,0.056,Usu_Zan,Usu_1944_7_3.tif,,0.003544,2
461,0.056,Usu_Zan,Usu_1944_7_2.tif,,0.004911,2
462,0.147,Usu_Zan,Usu_Kaei.tif,,0.061282,3
463,0.178,Usu_Zan,Usu_Bunsei.tif,,0.062591,3
464,0.231,Usu_Zan,Usu_Meiwa.tif,,0.022446,3
465,0.337,Yotei_Zan,Us_b.tif,,1.285302695,5
466,18,Yotei_Zan,Yo_ps1.tif,,0.532880324,4
467,25,Yotei_Zan,Yo_ps2.tif,,0.173457877,4
468,40,Yotei_Zan,Yo_ps3.tif,,0.331756284,4
470,43,Kuttara_Noboribetsu,Kt_1.tif,,14.73286401,6
471,45,Kuttara_Noboribetsu,Kt_2.tif,,4.869408136,5
472,47,Kuttara_Noboribetsu,Kt_3.tif,,11.67054403,6
473,51,Kuttara_Noboribetsu,KtHyafa.tif,,0.124704458,4
474,75,Kuttara_Noboribetsu,Kt_6.tif,,3.961046455,5
475,40,Shikotsu_Caldera,Spfa_1.tif,,32.48862558,6
476,47,Shikotsu_Caldera,Spfa_5.tif,,0.301039062,4
477,47,Shikotsu_Caldera,Spfa_6.tif,,4.771297193,5
478,60,Shikotsu_Caldera,Spfa_7.tif,,8.847665645,5
479,60,Shikotsu_Caldera,Spfa_10.tif,,1.411547136,5
480,19,Eniwa_Dake,En_a.tif,,5.638706642,5
481,21,Eniwa_Dake,En_b.tif,,0.836139618,4
482,40,Eniwa_Dake,En_c.tif,,0.117709912,4
483,0.261,Tarumae_San,Ta_a.tif,,3.569940878,5
488,0.333,Tarumae_San,Ta_b.tif,,7.919068661,5
492,2.5,Tarumae_San,Ta_c.tif,,3.096391067,5
495,8,Tarumae_San,Ta_d.tif,,1.872562689,5
496,10,Rishiri_Zan,Rs_Houpper.tif,,0.822836508,4
497,10,Rishiri_Zan,Rs_Homiddle.tif,,0.213732726,4
498,10,Rishiri_Zan,Rs_Holower.tif,,1.056525823,5
499,40,Rishiri_Zan,Rs_Wn.tif,,0.65681113,4
500,0.038,Tokachi_Dake,Tokachi_1962.tif,,0.600558572,4
501,0.59,Tokachi_Dake,Tokachi_b.tif,,0.383271497,4
502,0.59,Tokachi_Dake,To_bl2.tif,,0.357592191,4
503,1.69,Tokachi_Dake,To_c1.tif,,0.578608327,4
504,25.5,Shikaribetsu_Volcano_Group,Sipfa_1.tif,,0.093312475,3
505,45,Shikaribetsu_Volcano_Group,Sipfa_2.tif,,0.226907093,4
507,0.102,Maruyama,My_a2.tif,,0.001940271,2
508,0.102,Maruyama,My_a3.tif,,0.00162315,2
509,0.002,Meakan_Dake,Meakan_1998.tif,,0.012947254,3
511,0.7,Meakan_Dake,Me_a3.tif,,0.039455802,3
512,13.5,Meakan_Dake,NaPs.tif,,0.277914504,4
513,35,Kussharo_Caldera,Kc_Sr.tif,,39.4811938,6
514,115,Kussharo_Caldera,Kc_Hb.tif,,75.67698787,6
515,20,Nakajima,Kcn_T.tif,,0.240430414,4
516,0.2,Atosanupuri,At_a.tif,,0.003917093,2
517,1.5,Atosanupuri,At_b.tif,,0.006439098,3
518,12,Atosanupuri,Anp_Ma_b5.tif,,0.896189273,4
519,7.3,Mashu,Ma_g.tif,,0.857127458,4
520,7.3,Mashu,Ma_h.tif,,0.283019408,4
521,7.3,Mashu,Ma_i1.tif,,1.152509096,5
522,7.3,Mashu,Ma_i2_3.tif,,0.126296181,4
523,7.3,Mashu,Ma_i4_5.tif,,0.041124986,3
524,7.3,Mashu,Ma_j.tif,,0.147836263,4
525,11,Mashu,Ma_k.tif,,0.304564583,4
526,14,Mashu,Ma_l1.tif,,1.952107288,5
527,14,Mashu,Ml.tif,,0.659292199,4
528,12,Mashu,Ch_a2.tif,,1.860678933,5
529,12,Mashu,Ch_b2.tif,,1.019191905,5
530,12,Mashu,Ch_c1_c3.tif,,2.771502487,5
531,12,Mashu,Ch_c4.tif,,0.334047357,4
532,12,Mashu,Ch_c5.tif,,0.743065543,4
533,12,Mashu,Ch_c6.tif,,0.132351948,4
534,12,Mashu,Ch_d2.tif,,0.202541621,4
535,12,Mashu,Ch_d3.tif,,0.120614749,4
536,20,Mashu,Ns_Hk.tif,,0.648750203,4
537,20,Mashu,Nu_12.tif,,1.60399081,5
538,20,Mashu,Nu_n1.tif,,2.26324805,5
539,20,Mashu,Nu_p3.tif,,5.138623859,5
540,20,Mashu,Nu_r.tif,,1.026612001,5
541,20,Mashu,Ns_T1.tif,,1.685485414,5
542,20,Mashu,Ns_T2.tif,,1.674630175,5
543,30,Mashu,Ns_T3.tif,,2.157365872,5
544,35,Mashu,Ns_Ym.tif,,2.136369348,5
545,1,Kamuinupuri,Ma_b1.tif,,0.040982602,3
546,1,Kamuinupuri,Ma_b2.tif,,0.005397146,3
547,1,Kamuinupuri,Ma_b3.tif,,0.106335091,4
548,1.3,Rausu_Dake,Ra2.tif,,0.041967804,3
550,10.7,Ulleung_Do,U_Oki.tif,,12.22376164,6
551,1.016,Hakuto_San_(Changbaishan_Tenchi),B_Tm.tif,,72.46322017,6
